Value Props,,,
,Bad Alternatives,Value Props,Top Personas
Rules:,What happens when people don't have your product?,"What’s valuable and different about your product’s features?

• 2-7 words
• Be very specific
• No sales fluff
• Start with a power-verb (optional)",Who cares most about your particular value prop?
Example:,Other fantasy leagues make you build 11-person teams.,Make bets 2x faster,Casual fantasy sports players who don't have time to follow an entire team.
,You communicate via text copy (email/project management tools) about a roadblock and the client misinterprets your desired tone,"Clearly communicate your desired tone and emotion, reducing the risk of misinterpretation",Digital agencies
,Spending too much time typing out communications for follow up and project management tasks,Be more efficient with follow up and project management tasks: give more context in less time with short videos,Digital agencies
,Spending too much time typing out communication or being on live calls,"Maximize productivity without spending as much time using Slack, email, project management platforms or live calls",Digital agencies
,You lack ways to engage clients in a meaningful way outside of live calls,Develop and grow strong client and team member relationships without being on live calls,Digital agencies
,"Finishing strategy, project management or follow up tasks after hours because you don't have time during the work day",Prioritize work life balance: Get more work done with fewer after-hours tasks,Digital agencies
